scene,block,config,model,images_registered,registration_ratio,points_3d,mean_reprojection_error,total_observations,obs_per_point,avg_track_length,execution_time_sec
bonsai,1_CameraModels,Cam_Pinhole,PINHOLE,292,1.0,72239,0.7960425345659307,622338,8.614986364706045,8.614986364706045,3597.842511177063
bonsai,1_CameraModels,Cam_OpenCV,OPENCV,292,1.0,100055,0.37947197714181563,956584,9.560581680075959,9.560581680075959,2441.9790024757385
bonsai,2_SiftExtraction,Ext_LowFeatures,OPENCV,292,1.0,94397,0.3817233822549913,850643,9.011335105988538,9.011335105988538,1961.334172964096
bonsai,2_SiftExtraction,Ext_HighFeatures,OPENCV,292,1.0,100677,0.37850884536657814,958633,9.521866960676222,9.521866960676222,2328.279534101486
bonsai,3_SiftMatching,Match_Strict,OPENCV,292,1.0,97738,0.3422379286053515,949139,9.711054042439992,9.711054042439992,2201.38871383667
bonsai,3_SiftMatching,Match_Loose,OPENCV,292,1.0,100362,0.38758460729555033,952932,9.494948287200335,9.494948287200335,2712.299212694168
bonsai,4_Mapper,Map_Robust,OPENCV,292,1.0,99756,0.3802468628983965,955850,9.581879786679497,9.581879786679497,2337.327977180481
